{
  "male": {
    "bmi_for_age": {
      "5": {
        "L": -0.8322,
        "M": 15.2619,
        "S": 0.0849
      },
      "6": {
        "L": -1.1017,
        "M": 15.3679,
        "S": 0.08833
      },
      "7": {
        "L": -1.3414,
        "M": 15.5814,
        "S": 0.09251
      },
      "8": {
        "L": -1.5399,
        "M": 15.8597,
        "S": 0.09735
      },
      "9": {
        "L": -1.6851,
        "M": 16.2009,
        "S": 0.10259
      },
      "10": {
        "L": -1.767,
        "M": 16.6376,
        "S": 0.1078
      },
      "11": {
        "L": -1.788,
        "M": 17.1746,
        "S": 0.11266
      },
      "12": {
        "L": -1.7559,
        "M": 17.8124,
        "S": 0.11688
      },
      "13": {
        "L": -1.6811,
        "M": 18.5502,
        "S": 0.1203
      },
      "14": {
        "L": -1.5719,
        "M": 19.3294,
        "S": 0.12291
      },
      "15": {
        "L": -1.4382,
        "M": 20.0823,
        "S": 0.12487
      },
      "16": {
        "L": -1.2892,
        "M": 20.7745,
        "S": 0.12638
      },
      "17": {
        "L": -1.127,
        "M": 21.388,
        "S": 0.12767
      },
      "18": {
        "L": -0.9509,
        "M": 21.9182,
        "S": 0.12883
      },
      "19": {
        "L": -0.8419,
        "M": 22.1883,
        "S": 0.12948
      }
    },
    "height_for_age": {
      "5": {
        "L": 1,
        "M": 112.3895,
        "S": 0.04195
      },
      "6": {
        "L": 1,
        "M": 118.388,
        "S": 0.04287
      },
      "7": {
        "L": 1,
        "M": 124.0736,
        "S": 0.04382
      },
      "8": {
        "L": 1,
        "M": 129.4887,
        "S": 0.04478
      },
      "9": {
        "L": 1,
        "M": 134.7483,
        "S": 0.04574
      },
      "10": {
        "L": 1,
        "M": 139.954,
        "S": 0.04661
      },
      "11": {
        "L": 1,
        "M": 145.4964,
        "S": 0.04728
      },
      "12": {
        "L": 1,
        "M": 151.8623,
        "S": 0.04762
      },
      "13": {
        "L": 1,
        "M": 159.0937,
        "S": 0.04747
      },
      "14": {
        "L": 1,
        "M": 165.8165,
        "S": 0.04679
      },
      "15": {
        "L": 1,
        "M": 170.8136,
        "S": 0.04569
      },
      "16": {
        "L": 1,
        "M": 174.0321,
        "S": 0.0444
      },
      "17": {
        "L": 1,
        "M": 175.685,
        "S": 0.04311
      },
      "18": {
        "L": 1,
        "M": 176.3518,
        "S": 0.04195
      },
      "19": {
        "L": 1,
        "M": 176.5432,
        "S": 0.04134
      }
    },
    "weight_for_age": {
      "5": {
        "L": -0.2443,
        "M": 19.2132,
        "S": 0.13142
      },
      "6": {
        "L": -0.3701,
        "M": 21.4833,
        "S": 0.13523
      },
      "7": {
        "L": -0.4873,
        "M": 23.9272,
        "S": 0.13969
      },
      "8": {
        "L": -0.5873,
        "M": 26.5128,
        "S": 0.14679
      },
      "9": {
        "L": -0.6585,
        "M": 29.3217,
        "S": 0.1567
      },
      "10": {
        "L": -0.6764,
        "M": 31.1586,
        "S": 0.16305
      }
    }
  },
  "female": {
    "bmi_for_age": {
      "5": {
        "L": -0.9605,
        "M": 15.2448,
        "S": 0.09875
      },
      "6": {
        "L": -1.1579,
        "M": 15.3095,
        "S": 0.10425
      },
      "7": {
        "L": -1.3175,
        "M": 15.5014,
        "S": 0.10974
      },
      "8": {
        "L": -1.427,
        "M": 15.8394,
        "S": 0.11513
      },
      "9": {
        "L": -1.4803,
        "M": 16.2999,
        "S": 0.12026
      },
      "10": {
        "L": -1.4807,
        "M": 16.8614,
        "S": 0.12497
      },
      "11": {
        "L": -1.4389,
        "M": 17.5464,
        "S": 0.12914
      },
      "12": {
        "L": -1.3689,
        "M": 18.3312,
        "S": 0.13268
      },
      "13": {
        "L": -1.2816,
        "M": 19.1289,
        "S": 0.13559
      },
      "14": {
        "L": -1.1867,
        "M": 19.8523,
        "S": 0.13791
      },
      "15": {
        "L": -1.0917,
        "M": 20.4357,
        "S": 0.13977
      },
      "16": {
        "L": -0.9977,
        "M": 20.858,
        "S": 0.1413
      },
      "17": {
        "L": -0.9024,
        "M": 21.1399,
        "S": 0.14261
      },
      "18": {
        "L": -0.806,
        "M": 21.3341,
        "S": 0.14377
      },
      "19": {
        "L": -0.7496,
        "M": 21.4269,
        "S": 0.14441
      }
    },
    "height_for_age": {
      "5": {
        "L": 1,
        "M": 111.6696,
        "S": 0.0439
      },
      "6": {
        "L": 1,
        "M": 117.5044,
        "S": 0.04482
      },
      "7": {
        "L": 1,
        "M": 123.1868,
        "S": 0.04551
      },
      "8": {
        "L": 1,
        "M": 129.0035,
        "S": 0.04597
      },
      "9": {
        "L": 1,
        "M": 135.0299,
        "S": 0.04616
      },
      "10": {
        "L": 1,
        "M": 141.2594,
        "S": 0.04605
      },
      "11": {
        "L": 1,
        "M": 147.6548,
        "S": 0.04562
      },
      "12": {
        "L": 1,
        "M": 153.5678,
        "S": 0.0449
      },
      "13": {
        "L": 1,
        "M": 158.0102,
        "S": 0.044
      },
      "14": {
        "L": 1,
        "M": 160.7332,
        "S": 0.04307
      },
      "15": {
        "L": 1,
        "M": 162.1164,
        "S": 0.04221
      },
      "16": {
        "L": 1,
        "M": 162.689,
        "S": 0.04147
      },
      "17": {
        "L": 1,
        "M": 162.9476,
        "S": 0.04084
      },
      "18": {
        "L": 1,
        "M": 163.1192,
        "S": 0.04034
      },
      "19": {
        "L": 1,
        "M": 163.1548,
        "S": 0.04009
      }
    },
    "weight_for_age": {
      "5": {
        "L": -0.4803,
        "M": 18.9545,
        "S": 0.14514
      },
      "6": {
        "L": -0.5157,
        "M": 21.0457,
        "S": 0.15175
      },
      "7": {
        "L": -0.5471,
        "M": 23.418,
        "S": 0.15823
      },
      "8": {
        "L": -0.5722,
        "M": 26.2883,
        "S": 0.16435
      },
      "9": {
        "L": -0.5895,
        "M": 29.6646,
        "S": 0.16983
      },
      "10": {
        "L": -0.5958,
        "M": 31.8578,
        "S": 0.17262
      }
    }
  }
}